{"errors":[],"warnings":[],"namedChunkGroups":{"app":{"chunks":[6,2],"assets":["webpack-runtime-26b77c6d2495155957d1.js","webpack-runtime-26b77c6d2495155957d1.js.map","app-722d50f9670bbaed08f8.js","app-722d50f9670bbaed08f8.js.map"],"children":{},"childAssets":{}},"component---src-templates-post-js":{"chunks":[1,0,5],"assets":["1.01877a06b072953c14c7.css","1-18c8b27b4fee3979cb92.js","1-18c8b27b4fee3979cb92.js.map","0.717a04c73e78baecbc8e.css","0-73a3a340c1600ae65d3f.js","0-73a3a340c1600ae65d3f.js.map","component---src-templates-post-js-a72861eecbc0201a5f29.js","component---src-templates-post-js-a72861eecbc0201a5f29.js.map"],"children":{},"childAssets":{}},"component---src-pages-404-js":{"chunks":[3],"assets":["component---src-pages-404-js-fe0ad23e08681c322215.js","component---src-pages-404-js-fe0ad23e08681c322215.js.map"],"children":{},"childAssets":{}},"component---src-pages-index-js":{"chunks":[1,0,4],"assets":["1.01877a06b072953c14c7.css","1-18c8b27b4fee3979cb92.js","1-18c8b27b4fee3979cb92.js.map","0.717a04c73e78baecbc8e.css","0-73a3a340c1600ae65d3f.js","0-73a3a340c1600ae65d3f.js.map","component---src-pages-index-js.97cd2cb4f7815399abfd.css","component---src-pages-index-js-f54a35e8dd1118fc7330.js","component---src-pages-index-js-f54a35e8dd1118fc7330.js.map"],"children":{},"childAssets":{}}},"assetsByChunkName":{"app":["webpack-runtime-26b77c6d2495155957d1.js","app-722d50f9670bbaed08f8.js"],"component---src-templates-post-js":["1.01877a06b072953c14c7.css","1-18c8b27b4fee3979cb92.js","0.717a04c73e78baecbc8e.css","0-73a3a340c1600ae65d3f.js","component---src-templates-post-js-a72861eecbc0201a5f29.js"],"component---src-pages-404-js":["component---src-pages-404-js-fe0ad23e08681c322215.js"],"component---src-pages-index-js":["1.01877a06b072953c14c7.css","1-18c8b27b4fee3979cb92.js","0.717a04c73e78baecbc8e.css","0-73a3a340c1600ae65d3f.js","component---src-pages-index-js.97cd2cb4f7815399abfd.css","component---src-pages-index-js-f54a35e8dd1118fc7330.js"]}}